quantum_value,greedy_value,opt_value,number_nodes,number_edges,nb_sg,nb_mis,expl_thres:,graph_solved_list_num_edges,graph_solved_list_num_nodes,solution_quantum,solution_greedy,solution_cplex
2.5174000000000003,3.3765,3.9946,225,17806,1,1,10,"[23, 18]","[14, 12]","['l_h_1-R_h_159', 'l_a_1-R_h_588', 'l_a_1-R_h_589', 'l_h_0-R_h_163', 'l_a_2-R_d_470', 'l_a_3-R_h_587', 'l_d_1-R_d_395', 'l_p_0-R_d_395', 'l_h_1-R_h_160']","['l_a_3-R_d_469', 'l_h_1-R_h_587', 'l_a_3-R_h_160', 'l_a_2-R_d_470', 'l_a_1-R_h_589', 'l_h_0-R_h_161', 'l_a_0-R_d_395', 'l_a_1-R_h_588', 'l_d_0-R_d_395', 'l_h_1-R_h_159']","['l_d_0-R_h_163', 'l_d_0-R_d_470', 'l_d_1-R_h_161', 'l_d_1-R_d_469', 'l_a_0-R_h_163', 'l_a_0-R_d_470', 'l_a_1-R_h_588', 'l_a_1-R_h_589', 'l_a_2-R_h_170', 'l_a_2-R_h_591', 'l_a_3-R_h_168', 'l_p_0-R_h_161', 'l_p_0-R_d_469', 'l_h_0-R_h_160']"
2.5174000000000003,3.3765,3.9946,225,17806,1,1,15,"[23, 18]","[14, 12]","['l_h_1-R_h_159', 'l_a_1-R_h_588', 'l_a_1-R_h_589', 'l_h_0-R_h_163', 'l_a_2-R_d_470', 'l_a_3-R_h_587', 'l_d_1-R_d_395', 'l_p_0-R_d_395', 'l_h_1-R_h_160']","['l_a_3-R_d_469', 'l_h_1-R_h_587', 'l_a_3-R_h_160', 'l_a_2-R_d_470', 'l_a_1-R_h_589', 'l_h_0-R_h_161', 'l_a_0-R_d_395', 'l_a_1-R_h_588', 'l_d_0-R_d_395', 'l_h_1-R_h_159']","['l_d_0-R_h_163', 'l_d_0-R_d_470', 'l_d_1-R_h_161', 'l_d_1-R_d_469', 'l_a_0-R_h_163', 'l_a_0-R_d_470', 'l_a_1-R_h_588', 'l_a_1-R_h_589', 'l_a_2-R_h_170', 'l_a_2-R_h_591', 'l_a_3-R_h_168', 'l_p_0-R_h_161', 'l_p_0-R_d_469', 'l_h_0-R_h_160']"
3.3578,3.3765,3.9946,225,17806,1,2,10,"[23, 18, 16]","[14, 12, 11]","['l_h_1-R_h_587', 'l_h_1-R_h_159', 'l_a_1-R_h_588', 'l_a_1-R_h_589', 'l_a_2-R_h_591', 'l_a_2-R_h_168', 'l_d_0-R_h_163', 'l_d_1-R_d_395', 'l_p_0-R_d_395', 'l_a_0-R_h_163', 'l_a_3-R_d_469', 'l_a_3-R_h_160', 'l_h_0-R_h_161']","['l_a_3-R_d_469', 'l_h_1-R_h_587', 'l_a_3-R_h_160', 'l_a_2-R_d_470', 'l_a_1-R_h_589', 'l_h_0-R_h_161', 'l_a_0-R_d_395', 'l_a_1-R_h_588', 'l_d_0-R_d_395', 'l_h_1-R_h_159']","['l_d_0-R_h_163', 'l_d_0-R_d_470', 'l_d_1-R_h_161', 'l_d_1-R_d_469', 'l_a_0-R_h_163', 'l_a_0-R_d_470', 'l_a_1-R_h_588', 'l_a_1-R_h_589', 'l_a_2-R_h_170', 'l_a_2-R_h_591', 'l_a_3-R_h_168', 'l_p_0-R_h_161', 'l_p_0-R_d_469', 'l_h_0-R_h_160']"
3.3578,3.3765,3.9946,225,17806,1,2,15,"[23, 18, 16]","[14, 12, 11]","['l_h_1-R_h_587', 'l_h_1-R_h_159', 'l_a_1-R_h_588', 'l_a_1-R_h_589', 'l_a_2-R_h_591', 'l_a_2-R_h_168', 'l_d_0-R_h_163', 'l_d_1-R_d_395', 'l_p_0-R_d_395', 'l_a_0-R_h_163', 'l_a_3-R_d_469', 'l_a_3-R_h_160', 'l_h_0-R_h_161']","['l_a_3-R_d_469', 'l_h_1-R_h_587', 'l_a_3-R_h_160', 'l_a_2-R_d_470', 'l_a_1-R_h_589', 'l_h_0-R_h_161', 'l_a_0-R_d_395', 'l_a_1-R_h_588', 'l_d_0-R_d_395', 'l_h_1-R_h_159']","['l_d_0-R_h_163', 'l_d_0-R_d_470', 'l_d_1-R_h_161', 'l_d_1-R_d_469', 'l_a_0-R_h_163', 'l_a_0-R_d_470', 'l_a_1-R_h_588', 'l_a_1-R_h_589', 'l_a_2-R_h_170', 'l_a_2-R_h_591', 'l_a_3-R_h_168', 'l_p_0-R_h_161', 'l_p_0-R_d_469', 'l_h_0-R_h_160']"
3.3578,3.3765,3.9946,225,17806,1,3,10,"[23, 18, 16, 17]","[14, 12, 11, 12]","['l_h_1-R_h_587', 'l_h_1-R_h_159', 'l_a_1-R_h_588', 'l_a_1-R_h_589', 'l_a_2-R_h_591', 'l_a_2-R_h_168', 'l_d_0-R_h_163', 'l_d_1-R_d_395', 'l_p_0-R_d_395', 'l_a_0-R_h_163', 'l_a_3-R_d_469', 'l_a_3-R_h_160', 'l_h_0-R_h_161']","['l_a_3-R_d_469', 'l_h_1-R_h_587', 'l_a_3-R_h_160', 'l_a_2-R_d_470', 'l_a_1-R_h_589', 'l_h_0-R_h_161', 'l_a_0-R_d_395', 'l_a_1-R_h_588', 'l_d_0-R_d_395', 'l_h_1-R_h_159']","['l_d_0-R_h_163', 'l_d_0-R_d_470', 'l_d_1-R_h_161', 'l_d_1-R_d_469', 'l_a_0-R_h_163', 'l_a_0-R_d_470', 'l_a_1-R_h_588', 'l_a_1-R_h_589', 'l_a_2-R_h_170', 'l_a_2-R_h_591', 'l_a_3-R_h_168', 'l_p_0-R_h_161', 'l_p_0-R_d_469', 'l_h_0-R_h_160']"
3.3578,3.3765,3.9946,225,17806,1,3,15,"[23, 18, 16, 17]","[14, 12, 11, 12]","['l_h_1-R_h_587', 'l_h_1-R_h_159', 'l_a_1-R_h_588', 'l_a_1-R_h_589', 'l_a_2-R_h_591', 'l_a_2-R_h_168', 'l_d_0-R_h_163', 'l_d_1-R_d_395', 'l_p_0-R_d_395', 'l_a_0-R_h_163', 'l_a_3-R_d_469', 'l_a_3-R_h_160', 'l_h_0-R_h_161']","['l_a_3-R_d_469', 'l_h_1-R_h_587', 'l_a_3-R_h_160', 'l_a_2-R_d_470', 'l_a_1-R_h_589', 'l_h_0-R_h_161', 'l_a_0-R_d_395', 'l_a_1-R_h_588', 'l_d_0-R_d_395', 'l_h_1-R_h_159']","['l_d_0-R_h_163', 'l_d_0-R_d_470', 'l_d_1-R_h_161', 'l_d_1-R_d_469', 'l_a_0-R_h_163', 'l_a_0-R_d_470', 'l_a_1-R_h_588', 'l_a_1-R_h_589', 'l_a_2-R_h_170', 'l_a_2-R_h_591', 'l_a_3-R_h_168', 'l_p_0-R_h_161', 'l_p_0-R_d_469', 'l_h_0-R_h_160']"
3.3578,3.3765,3.9946,225,17806,1,4,10,"[23, 18, 16, 17, 14]","[14, 12, 11, 12, 12]","['l_h_1-R_h_587', 'l_h_1-R_h_159', 'l_a_1-R_h_588', 'l_a_1-R_h_589', 'l_a_2-R_h_591', 'l_a_2-R_h_168', 'l_d_0-R_h_163', 'l_d_1-R_d_395', 'l_p_0-R_d_395', 'l_a_0-R_h_163', 'l_a_3-R_d_469', 'l_a_3-R_h_160', 'l_h_0-R_h_161']","['l_a_3-R_d_469', 'l_h_1-R_h_587', 'l_a_3-R_h_160', 'l_a_2-R_d_470', 'l_a_1-R_h_589', 'l_h_0-R_h_161', 'l_a_0-R_d_395', 'l_a_1-R_h_588', 'l_d_0-R_d_395', 'l_h_1-R_h_159']","['l_d_0-R_h_163', 'l_d_0-R_d_470', 'l_d_1-R_h_161', 'l_d_1-R_d_469', 'l_a_0-R_h_163', 'l_a_0-R_d_470', 'l_a_1-R_h_588', 'l_a_1-R_h_589', 'l_a_2-R_h_170', 'l_a_2-R_h_591', 'l_a_3-R_h_168', 'l_p_0-R_h_161', 'l_p_0-R_d_469', 'l_h_0-R_h_160']"
3.3578,3.3765,3.9946,225,17806,1,4,15,"[23, 18, 16, 17, 14]","[14, 12, 11, 12, 12]","['l_h_1-R_h_587', 'l_h_1-R_h_159', 'l_a_1-R_h_588', 'l_a_1-R_h_589', 'l_a_2-R_h_591', 'l_a_2-R_h_168', 'l_d_0-R_h_163', 'l_d_1-R_d_395', 'l_p_0-R_d_395', 'l_a_0-R_h_163', 'l_a_3-R_d_469', 'l_a_3-R_h_160', 'l_h_0-R_h_161']","['l_a_3-R_d_469', 'l_h_1-R_h_587', 'l_a_3-R_h_160', 'l_a_2-R_d_470', 'l_a_1-R_h_589', 'l_h_0-R_h_161', 'l_a_0-R_d_395', 'l_a_1-R_h_588', 'l_d_0-R_d_395', 'l_h_1-R_h_159']","['l_d_0-R_h_163', 'l_d_0-R_d_470', 'l_d_1-R_h_161', 'l_d_1-R_d_469', 'l_a_0-R_h_163', 'l_a_0-R_d_470', 'l_a_1-R_h_588', 'l_a_1-R_h_589', 'l_a_2-R_h_170', 'l_a_2-R_h_591', 'l_a_3-R_h_168', 'l_p_0-R_h_161', 'l_p_0-R_d_469', 'l_h_0-R_h_160']"
3.3578,3.3765,3.9946,225,17806,1,5,10,"[23, 18, 16, 14, 17, 13]","[14, 12, 11, 12, 12, 11]","['l_h_1-R_h_587', 'l_h_1-R_h_159', 'l_a_1-R_h_588', 'l_a_1-R_h_589', 'l_a_2-R_h_591', 'l_a_2-R_h_168', 'l_d_0-R_h_163', 'l_d_1-R_d_395', 'l_p_0-R_d_395', 'l_a_0-R_h_163', 'l_a_3-R_d_469', 'l_a_3-R_h_160', 'l_h_0-R_h_161']","['l_a_3-R_d_469', 'l_h_1-R_h_587', 'l_a_3-R_h_160', 'l_a_2-R_d_470', 'l_a_1-R_h_589', 'l_h_0-R_h_161', 'l_a_0-R_d_395', 'l_a_1-R_h_588', 'l_d_0-R_d_395', 'l_h_1-R_h_159']","['l_d_0-R_h_163', 'l_d_0-R_d_470', 'l_d_1-R_h_161', 'l_d_1-R_d_469', 'l_a_0-R_h_163', 'l_a_0-R_d_470', 'l_a_1-R_h_588', 'l_a_1-R_h_589', 'l_a_2-R_h_170', 'l_a_2-R_h_591', 'l_a_3-R_h_168', 'l_p_0-R_h_161', 'l_p_0-R_d_469', 'l_h_0-R_h_160']"
3.3578,3.3765,3.9946,225,17806,1,5,15,"[23, 18, 16, 17, 14, 13]","[14, 12, 11, 12, 12, 11]","['l_h_1-R_h_587', 'l_h_1-R_h_159', 'l_a_1-R_h_588', 'l_a_1-R_h_589', 'l_a_2-R_h_591', 'l_a_2-R_h_168', 'l_d_0-R_h_163', 'l_d_1-R_d_395', 'l_p_0-R_d_395', 'l_a_0-R_h_163', 'l_a_3-R_d_469', 'l_a_3-R_h_160', 'l_h_0-R_h_161']","['l_a_3-R_d_469', 'l_h_1-R_h_587', 'l_a_3-R_h_160', 'l_a_2-R_d_470', 'l_a_1-R_h_589', 'l_h_0-R_h_161', 'l_a_0-R_d_395', 'l_a_1-R_h_588', 'l_d_0-R_d_395', 'l_h_1-R_h_159']","['l_d_0-R_h_163', 'l_d_0-R_d_470', 'l_d_1-R_h_161', 'l_d_1-R_d_469', 'l_a_0-R_h_163', 'l_a_0-R_d_470', 'l_a_1-R_h_588', 'l_a_1-R_h_589', 'l_a_2-R_h_170', 'l_a_2-R_h_591', 'l_a_3-R_h_168', 'l_p_0-R_h_161', 'l_p_0-R_d_469', 'l_h_0-R_h_160']"
3.0848999999999998,3.3765,3.9946,225,17806,2,1,10,"[23, 19, 18, 14, 16, 17]","[14, 14, 12, 11, 13, 12]","['l_h_1-R_h_159', 'l_a_1-R_h_588', 'l_a_1-R_h_589', 'l_h_0-R_h_163', 'l_h_0-R_d_470', 'l_a_3-R_d_469', 'l_h_1-R_h_587', 'l_d_0-R_d_395', 'l_a_0-R_d_395', 'l_a_2-R_h_591', 'l_a_3-R_h_160']","['l_a_3-R_d_469', 'l_h_1-R_h_587', 'l_a_3-R_h_160', 'l_a_2-R_d_470', 'l_a_1-R_h_589', 'l_h_0-R_h_161', 'l_a_0-R_d_395', 'l_a_1-R_h_588', 'l_d_0-R_d_395', 'l_h_1-R_h_159']","['l_d_0-R_h_163', 'l_d_0-R_d_470', 'l_d_1-R_h_161', 'l_d_1-R_d_469', 'l_a_0-R_h_163', 'l_a_0-R_d_470', 'l_a_1-R_h_588', 'l_a_1-R_h_589', 'l_a_2-R_h_170', 'l_a_2-R_h_591', 'l_a_3-R_h_168', 'l_p_0-R_h_161', 'l_p_0-R_d_469', 'l_h_0-R_h_160']"
3.0848999999999998,3.3765,3.9946,225,17806,2,1,15,"[23, 19, 18, 14, 16, 17]","[14, 14, 12, 11, 13, 12]","['l_h_1-R_h_159', 'l_a_1-R_h_588', 'l_a_1-R_h_589', 'l_h_0-R_h_163', 'l_h_0-R_d_470', 'l_a_3-R_d_469', 'l_h_1-R_h_587', 'l_d_0-R_d_395', 'l_a_0-R_d_395', 'l_a_2-R_h_591', 'l_a_3-R_h_160']","['l_a_3-R_d_469', 'l_h_1-R_h_587', 'l_a_3-R_h_160', 'l_a_2-R_d_470', 'l_a_1-R_h_589', 'l_h_0-R_h_161', 'l_a_0-R_d_395', 'l_a_1-R_h_588', 'l_d_0-R_d_395', 'l_h_1-R_h_159']","['l_d_0-R_h_163', 'l_d_0-R_d_470', 'l_d_1-R_h_161', 'l_d_1-R_d_469', 'l_a_0-R_h_163', 'l_a_0-R_d_470', 'l_a_1-R_h_588', 'l_a_1-R_h_589', 'l_a_2-R_h_170', 'l_a_2-R_h_591', 'l_a_3-R_h_168', 'l_p_0-R_h_161', 'l_p_0-R_d_469', 'l_h_0-R_h_160']"
3.3578,3.3765,3.9946,225,17806,2,2,10,"[23, 19, 18, 14, 16, 10, 16, 17, 6, 7]","[14, 14, 12, 11, 11, 10, 13, 12, 6, 6]","['l_h_1-R_h_587', 'l_h_1-R_h_159', 'l_a_1-R_h_588', 'l_a_1-R_h_589', 'l_a_2-R_h_591', 'l_a_2-R_h_168', 'l_d_0-R_h_163', 'l_d_1-R_d_395', 'l_p_0-R_d_395', 'l_a_0-R_h_163', 'l_a_3-R_d_469', 'l_a_3-R_h_160', 'l_h_0-R_h_161']","['l_a_3-R_d_469', 'l_h_1-R_h_587', 'l_a_3-R_h_160', 'l_a_2-R_d_470', 'l_a_1-R_h_589', 'l_h_0-R_h_161', 'l_a_0-R_d_395', 'l_a_1-R_h_588', 'l_d_0-R_d_395', 'l_h_1-R_h_159']","['l_d_0-R_h_163', 'l_d_0-R_d_470', 'l_d_1-R_h_161', 'l_d_1-R_d_469', 'l_a_0-R_h_163', 'l_a_0-R_d_470', 'l_a_1-R_h_588', 'l_a_1-R_h_589', 'l_a_2-R_h_170', 'l_a_2-R_h_591', 'l_a_3-R_h_168', 'l_p_0-R_h_161', 'l_p_0-R_d_469', 'l_h_0-R_h_160']"
3.3578,3.3765,3.9946,225,17806,2,2,15,"[23, 19, 18, 14, 16, 10, 16, 17, 6, 7]","[14, 14, 12, 11, 11, 10, 13, 12, 6, 6]","['l_h_1-R_h_587', 'l_h_1-R_h_159', 'l_a_1-R_h_588', 'l_a_1-R_h_589', 'l_a_2-R_h_591', 'l_a_2-R_h_168', 'l_d_0-R_h_163', 'l_d_1-R_d_395', 'l_p_0-R_d_395', 'l_a_0-R_h_163', 'l_a_3-R_d_469', 'l_a_3-R_h_160', 'l_h_0-R_h_161']","['l_a_3-R_d_469', 'l_h_1-R_h_587', 'l_a_3-R_h_160', 'l_a_2-R_d_470', 'l_a_1-R_h_589', 'l_h_0-R_h_161', 'l_a_0-R_d_395', 'l_a_1-R_h_588', 'l_d_0-R_d_395', 'l_h_1-R_h_159']","['l_d_0-R_h_163', 'l_d_0-R_d_470', 'l_d_1-R_h_161', 'l_d_1-R_d_469', 'l_a_0-R_h_163', 'l_a_0-R_d_470', 'l_a_1-R_h_588', 'l_a_1-R_h_589', 'l_a_2-R_h_170', 'l_a_2-R_h_591', 'l_a_3-R_h_168', 'l_p_0-R_h_161', 'l_p_0-R_d_469', 'l_h_0-R_h_160']"
3.3578,3.3765,3.9946,225,17806,2,3,10,"[23, 19, 18, 14, 16, 10, 17, 15, 16, 17, 6, 7, 6, 7]","[14, 14, 12, 11, 11, 10, 12, 12, 13, 12, 6, 6, 6, 6]","['l_h_1-R_h_587', 'l_h_1-R_h_159', 'l_a_1-R_h_588', 'l_a_1-R_h_589', 'l_a_2-R_h_591', 'l_a_2-R_h_168', 'l_d_0-R_h_163', 'l_d_1-R_d_395', 'l_p_0-R_d_395', 'l_a_0-R_h_163', 'l_a_3-R_d_469', 'l_a_3-R_h_160', 'l_h_0-R_h_161']","['l_a_3-R_d_469', 'l_h_1-R_h_587', 'l_a_3-R_h_160', 'l_a_2-R_d_470', 'l_a_1-R_h_589', 'l_h_0-R_h_161', 'l_a_0-R_d_395', 'l_a_1-R_h_588', 'l_d_0-R_d_395', 'l_h_1-R_h_159']","['l_d_0-R_h_163', 'l_d_0-R_d_470', 'l_d_1-R_h_161', 'l_d_1-R_d_469', 'l_a_0-R_h_163', 'l_a_0-R_d_470', 'l_a_1-R_h_588', 'l_a_1-R_h_589', 'l_a_2-R_h_170', 'l_a_2-R_h_591', 'l_a_3-R_h_168', 'l_p_0-R_h_161', 'l_p_0-R_d_469', 'l_h_0-R_h_160']"
3.3578,3.3765,3.9946,225,17806,2,3,15,"[23, 19, 18, 14, 16, 10, 17, 15, 16, 17, 6, 7, 6, 7]","[14, 14, 12, 11, 11, 10, 12, 12, 13, 12, 6, 6, 6, 6]","['l_h_1-R_h_587', 'l_h_1-R_h_159', 'l_a_1-R_h_588', 'l_a_1-R_h_589', 'l_a_2-R_h_591', 'l_a_2-R_h_168', 'l_d_0-R_h_163', 'l_d_1-R_d_395', 'l_p_0-R_d_395', 'l_a_0-R_h_163', 'l_a_3-R_d_469', 'l_a_3-R_h_160', 'l_h_0-R_h_161']","['l_a_3-R_d_469', 'l_h_1-R_h_587', 'l_a_3-R_h_160', 'l_a_2-R_d_470', 'l_a_1-R_h_589', 'l_h_0-R_h_161', 'l_a_0-R_d_395', 'l_a_1-R_h_588', 'l_d_0-R_d_395', 'l_h_1-R_h_159']","['l_d_0-R_h_163', 'l_d_0-R_d_470', 'l_d_1-R_h_161', 'l_d_1-R_d_469', 'l_a_0-R_h_163', 'l_a_0-R_d_470', 'l_a_1-R_h_588', 'l_a_1-R_h_589', 'l_a_2-R_h_170', 'l_a_2-R_h_591', 'l_a_3-R_h_168', 'l_p_0-R_h_161', 'l_p_0-R_d_469', 'l_h_0-R_h_160']"
3.3341000000000003,3.3765,3.9946,225,17806,2,4,10,"[23, 19, 18, 14, 16, 10, 17, 15, 14, 18, 16, 17, 6, 7, 6, 7, 10, 10]","[14, 14, 12, 11, 11, 10, 12, 12, 12, 12, 13, 12, 6, 6, 6, 6, 8, 8]","['l_a_2-R_h_160', 'l_a_1-R_h_588', 'l_a_1-R_h_589', 'l_d_0-R_d_395', 'l_a_0-R_d_395', 'l_a_2-R_d_469', 'l_a_3-R_h_168', 'l_a_3-R_h_591', 'l_d_1-R_h_163', 'l_p_0-R_h_163', 'l_h_0-R_h_161', 'l_h_1-R_h_170']","['l_a_3-R_d_469', 'l_h_1-R_h_587', 'l_a_3-R_h_160', 'l_a_2-R_d_470', 'l_a_1-R_h_589', 'l_h_0-R_h_161', 'l_a_0-R_d_395', 'l_a_1-R_h_588', 'l_d_0-R_d_395', 'l_h_1-R_h_159']","['l_d_0-R_h_163', 'l_d_0-R_d_470', 'l_d_1-R_h_161', 'l_d_1-R_d_469', 'l_a_0-R_h_163', 'l_a_0-R_d_470', 'l_a_1-R_h_588', 'l_a_1-R_h_589', 'l_a_2-R_h_170', 'l_a_2-R_h_591', 'l_a_3-R_h_168', 'l_p_0-R_h_161', 'l_p_0-R_d_469', 'l_h_0-R_h_160']"
3.3341000000000003,3.3765,3.9946,225,17806,2,4,15,"[23, 19, 18, 14, 16, 10, 17, 15, 14, 18, 16, 17, 6, 7, 6, 7, 10, 10]","[14, 14, 12, 11, 11, 10, 12, 12, 12, 12, 13, 12, 6, 6, 6, 6, 8, 8]","['l_a_2-R_h_160', 'l_a_1-R_h_588', 'l_a_1-R_h_589', 'l_d_0-R_d_395', 'l_a_0-R_d_395', 'l_a_2-R_d_469', 'l_a_3-R_h_168', 'l_a_3-R_h_591', 'l_d_1-R_h_163', 'l_p_0-R_h_163', 'l_h_0-R_h_161', 'l_h_1-R_h_170']","['l_a_3-R_d_469', 'l_h_1-R_h_587', 'l_a_3-R_h_160', 'l_a_2-R_d_470', 'l_a_1-R_h_589', 'l_h_0-R_h_161', 'l_a_0-R_d_395', 'l_a_1-R_h_588', 'l_d_0-R_d_395', 'l_h_1-R_h_159']","['l_d_0-R_h_163', 'l_d_0-R_d_470', 'l_d_1-R_h_161', 'l_d_1-R_d_469', 'l_a_0-R_h_163', 'l_a_0-R_d_470', 'l_a_1-R_h_588', 'l_a_1-R_h_589', 'l_a_2-R_h_170', 'l_a_2-R_h_591', 'l_a_3-R_h_168', 'l_p_0-R_h_161', 'l_p_0-R_d_469', 'l_h_0-R_h_160']"
3.3341000000000003,3.3765,3.9946,225,17806,2,5,10,"[23, 19, 18, 14, 16, 10, 17, 15, 14, 18, 15, 15, 16, 17, 6, 7, 6, 7, 10, 10, 10, 11]","[14, 14, 12, 11, 11, 10, 12, 12, 12, 12, 11, 11, 13, 12, 6, 6, 6, 6, 8, 8, 9, 8]","['l_a_2-R_h_160', 'l_a_1-R_h_588', 'l_a_1-R_h_589', 'l_d_0-R_d_395', 'l_a_0-R_d_395', 'l_a_2-R_d_469', 'l_a_3-R_h_168', 'l_a_3-R_h_591', 'l_d_1-R_h_163', 'l_p_0-R_h_163', 'l_h_0-R_h_161', 'l_h_1-R_h_170']","['l_a_3-R_d_469', 'l_h_1-R_h_587', 'l_a_3-R_h_160', 'l_a_2-R_d_470', 'l_a_1-R_h_589', 'l_h_0-R_h_161', 'l_a_0-R_d_395', 'l_a_1-R_h_588', 'l_d_0-R_d_395', 'l_h_1-R_h_159']","['l_d_0-R_h_163', 'l_d_0-R_d_470', 'l_d_1-R_h_161', 'l_d_1-R_d_469', 'l_a_0-R_h_163', 'l_a_0-R_d_470', 'l_a_1-R_h_588', 'l_a_1-R_h_589', 'l_a_2-R_h_170', 'l_a_2-R_h_591', 'l_a_3-R_h_168', 'l_p_0-R_h_161', 'l_p_0-R_d_469', 'l_h_0-R_h_160']"
3.3341000000000003,3.3765,3.9946,225,17806,2,5,15,"[23, 19, 18, 14, 16, 10, 17, 15, 14, 18, 13, 14, 16, 17, 6, 7, 6, 7, 10, 10, 10, 11]","[14, 14, 12, 11, 11, 10, 12, 12, 12, 12, 9, 9, 13, 12, 6, 6, 6, 6, 8, 8, 9, 8]","['l_a_2-R_h_160', 'l_a_1-R_h_588', 'l_a_1-R_h_589', 'l_d_0-R_d_395', 'l_a_0-R_d_395', 'l_a_2-R_d_469', 'l_a_3-R_h_168', 'l_a_3-R_h_591', 'l_d_1-R_h_163', 'l_p_0-R_h_163', 'l_h_0-R_h_161', 'l_h_1-R_h_170']","['l_a_3-R_d_469', 'l_h_1-R_h_587', 'l_a_3-R_h_160', 'l_a_2-R_d_470', 'l_a_1-R_h_589', 'l_h_0-R_h_161', 'l_a_0-R_d_395', 'l_a_1-R_h_588', 'l_d_0-R_d_395', 'l_h_1-R_h_159']","['l_d_0-R_h_163', 'l_d_0-R_d_470', 'l_d_1-R_h_161', 'l_d_1-R_d_469', 'l_a_0-R_h_163', 'l_a_0-R_d_470', 'l_a_1-R_h_588', 'l_a_1-R_h_589', 'l_a_2-R_h_170', 'l_a_2-R_h_591', 'l_a_3-R_h_168', 'l_p_0-R_h_161', 'l_p_0-R_d_469', 'l_h_0-R_h_160']"
3.5298,3.3765,3.9946,225,17806,3,1,10,"[23, 19, 25, 18, 14, 12, 16, 17, 13, 11, 11, 10]","[14, 14, 14, 12, 11, 11, 13, 12, 10, 10, 10, 9]","['l_d_1-R_h_589', 'l_h_1-R_h_587', 'l_a_2-R_h_168', 'l_a_0-R_h_163', 'l_a_1-R_h_588', 'l_a_3-R_d_469', 'l_a_3-R_h_160', 'l_d_0-R_h_163', 'l_d_0-R_d_470', 'l_a_0-R_d_470', 'l_a_2-R_h_591', 'l_p_0-R_h_589', 'l_h_0-R_h_161', 'l_h_1-R_h_159']","['l_a_3-R_d_469', 'l_h_1-R_h_587', 'l_a_3-R_h_160', 'l_a_2-R_d_470', 'l_a_1-R_h_589', 'l_h_0-R_h_161', 'l_a_0-R_d_395', 'l_a_1-R_h_588', 'l_d_0-R_d_395', 'l_h_1-R_h_159']","['l_d_0-R_h_163', 'l_d_0-R_d_470', 'l_d_1-R_h_161', 'l_d_1-R_d_469', 'l_a_0-R_h_163', 'l_a_0-R_d_470', 'l_a_1-R_h_588', 'l_a_1-R_h_589', 'l_a_2-R_h_170', 'l_a_2-R_h_591', 'l_a_3-R_h_168', 'l_p_0-R_h_161', 'l_p_0-R_d_469', 'l_h_0-R_h_160']"
3.5113000000000003,3.3765,3.9946,225,17806,3,1,15,"[23, 19, 25, 18, 14, 12, 16, 17, 13, 11, 11, 10]","[14, 14, 14, 12, 11, 11, 13, 12, 10, 10, 10, 9]","['l_d_1-R_h_589', 'l_h_1-R_h_587', 'l_a_2-R_h_168', 'l_a_0-R_h_163', 'l_d_0-R_d_470', 'l_h_1-R_h_159', 'l_p_0-R_h_588', 'l_d_1-R_h_588', 'l_a_3-R_d_469', 'l_a_3-R_h_160', 'l_h_0-R_h_161', 'l_d_0-R_h_163', 'l_a_0-R_d_470', 'l_a_2-R_h_591', 'l_p_0-R_h_589']","['l_a_3-R_d_469', 'l_h_1-R_h_587', 'l_a_3-R_h_160', 'l_a_2-R_d_470', 'l_a_1-R_h_589', 'l_h_0-R_h_161', 'l_a_0-R_d_395', 'l_a_1-R_h_588', 'l_d_0-R_d_395', 'l_h_1-R_h_159']","['l_d_0-R_h_163', 'l_d_0-R_d_470', 'l_d_1-R_h_161', 'l_d_1-R_d_469', 'l_a_0-R_h_163', 'l_a_0-R_d_470', 'l_a_1-R_h_588', 'l_a_1-R_h_589', 'l_a_2-R_h_170', 'l_a_2-R_h_591', 'l_a_3-R_h_168', 'l_p_0-R_h_161', 'l_p_0-R_d_469', 'l_h_0-R_h_160']"
3.3578,3.3765,3.9946,225,17806,3,2,10,"[23, 19, 25, 18, 14, 12, 16, 10, 12, 16, 17, 13, 6, 7, 7, 11, 11, 10, 10, 10, 10]","[14, 14, 14, 12, 11, 11, 11, 10, 10, 13, 12, 10, 6, 6, 6, 10, 10, 9, 8, 8, 8]","['l_h_1-R_h_587', 'l_h_1-R_h_159', 'l_a_1-R_h_588', 'l_a_1-R_h_589', 'l_a_2-R_h_591', 'l_a_2-R_h_168', 'l_d_0-R_h_163', 'l_d_1-R_d_395', 'l_p_0-R_d_395', 'l_a_0-R_h_163', 'l_a_3-R_d_469', 'l_a_3-R_h_160', 'l_h_0-R_h_161']","['l_a_3-R_d_469', 'l_h_1-R_h_587', 'l_a_3-R_h_160', 'l_a_2-R_d_470', 'l_a_1-R_h_589', 'l_h_0-R_h_161', 'l_a_0-R_d_395', 'l_a_1-R_h_588', 'l_d_0-R_d_395', 'l_h_1-R_h_159']","['l_d_0-R_h_163', 'l_d_0-R_d_470', 'l_d_1-R_h_161', 'l_d_1-R_d_469', 'l_a_0-R_h_163', 'l_a_0-R_d_470', 'l_a_1-R_h_588', 'l_a_1-R_h_589', 'l_a_2-R_h_170', 'l_a_2-R_h_591', 'l_a_3-R_h_168', 'l_p_0-R_h_161', 'l_p_0-R_d_469', 'l_h_0-R_h_160']"
3.3578,3.3765,3.9946,225,17806,3,2,15,"[23, 19, 25, 18, 14, 12, 16, 10, 12, 16, 17, 13, 6, 7, 7, 11, 11, 10, 10, 10, 10]","[14, 14, 14, 12, 11, 11, 11, 10, 10, 13, 12, 10, 6, 6, 6, 10, 10, 9, 8, 8, 8]","['l_h_1-R_h_587', 'l_h_1-R_h_159', 'l_a_1-R_h_588', 'l_a_1-R_h_589', 'l_a_2-R_h_591', 'l_a_2-R_h_168', 'l_d_0-R_h_163', 'l_d_1-R_d_395', 'l_p_0-R_d_395', 'l_a_0-R_h_163', 'l_a_3-R_d_469', 'l_a_3-R_h_160', 'l_h_0-R_h_161']","['l_a_3-R_d_469', 'l_h_1-R_h_587', 'l_a_3-R_h_160', 'l_a_2-R_d_470', 'l_a_1-R_h_589', 'l_h_0-R_h_161', 'l_a_0-R_d_395', 'l_a_1-R_h_588', 'l_d_0-R_d_395', 'l_h_1-R_h_159']","['l_d_0-R_h_163', 'l_d_0-R_d_470', 'l_d_1-R_h_161', 'l_d_1-R_d_469', 'l_a_0-R_h_163', 'l_a_0-R_d_470', 'l_a_1-R_h_588', 'l_a_1-R_h_589', 'l_a_2-R_h_170', 'l_a_2-R_h_591', 'l_a_3-R_h_168', 'l_p_0-R_h_161', 'l_p_0-R_d_469', 'l_h_0-R_h_160']"
3.3578,3.3765,3.9946,225,17806,3,3,10,"[23, 19, 25, 18, 14, 12, 16, 10, 12, 17, 15, 17, 16, 17, 13, 6, 7, 7, 6, 7, 7, 11, 11, 10, 10, 10, 10, 12, 15, 12]","[14, 14, 14, 12, 11, 11, 11, 10, 10, 12, 12, 12, 13, 12, 10, 6, 6, 6, 6, 6, 6, 10, 10, 9, 8, 8, 8, 11, 11, 11]","['l_h_1-R_h_587', 'l_h_1-R_h_159', 'l_a_1-R_h_588', 'l_a_1-R_h_589', 'l_a_2-R_h_591', 'l_a_2-R_h_168', 'l_d_0-R_h_163', 'l_d_1-R_d_395', 'l_p_0-R_d_395', 'l_a_0-R_h_163', 'l_a_3-R_d_469', 'l_a_3-R_h_160', 'l_h_0-R_h_161']","['l_a_3-R_d_469', 'l_h_1-R_h_587', 'l_a_3-R_h_160', 'l_a_2-R_d_470', 'l_a_1-R_h_589', 'l_h_0-R_h_161', 'l_a_0-R_d_395', 'l_a_1-R_h_588', 'l_d_0-R_d_395', 'l_h_1-R_h_159']","['l_d_0-R_h_163', 'l_d_0-R_d_470', 'l_d_1-R_h_161', 'l_d_1-R_d_469', 'l_a_0-R_h_163', 'l_a_0-R_d_470', 'l_a_1-R_h_588', 'l_a_1-R_h_589', 'l_a_2-R_h_170', 'l_a_2-R_h_591', 'l_a_3-R_h_168', 'l_p_0-R_h_161', 'l_p_0-R_d_469', 'l_h_0-R_h_160']"
3.3578,3.3765,3.9946,225,17806,3,3,15,"[23, 19, 25, 18, 14, 12, 16, 10, 12, 17, 15, 17, 16, 17, 13, 6, 7, 7, 6, 7, 7, 11, 11, 10, 10, 10, 10, 12, 15, 12]","[14, 14, 14, 12, 11, 11, 11, 10, 10, 12, 12, 12, 13, 12, 10, 6, 6, 6, 6, 6, 6, 10, 10, 9, 8, 8, 8, 11, 11, 11]","['l_h_1-R_h_587', 'l_h_1-R_h_159', 'l_a_1-R_h_588', 'l_a_1-R_h_589', 'l_a_2-R_h_591', 'l_a_2-R_h_168', 'l_d_0-R_h_163', 'l_d_1-R_d_395', 'l_p_0-R_d_395', 'l_a_0-R_h_163', 'l_a_3-R_d_469', 'l_a_3-R_h_160', 'l_h_0-R_h_161']","['l_a_3-R_d_469', 'l_h_1-R_h_587', 'l_a_3-R_h_160', 'l_a_2-R_d_470', 'l_a_1-R_h_589', 'l_h_0-R_h_161', 'l_a_0-R_d_395', 'l_a_1-R_h_588', 'l_d_0-R_d_395', 'l_h_1-R_h_159']","['l_d_0-R_h_163', 'l_d_0-R_d_470', 'l_d_1-R_h_161', 'l_d_1-R_d_469', 'l_a_0-R_h_163', 'l_a_0-R_d_470', 'l_a_1-R_h_588', 'l_a_1-R_h_589', 'l_a_2-R_h_170', 'l_a_2-R_h_591', 'l_a_3-R_h_168', 'l_p_0-R_h_161', 'l_p_0-R_d_469', 'l_h_0-R_h_160']"
3.3341000000000003,3.3765,3.9946,225,17806,3,4,10,"[23, 19, 25, 10, 10, 9, 14, 18, 17, 11, 11, 10]","[14, 14, 14, 8, 8, 8, 12, 12, 12, 10, 10, 9]","['l_a_2-R_h_160', 'l_a_1-R_h_588', 'l_a_1-R_h_589', 'l_d_0-R_d_395', 'l_a_0-R_d_395', 'l_a_2-R_d_469', 'l_a_3-R_h_168', 'l_a_3-R_h_591', 'l_d_1-R_h_163', 'l_p_0-R_h_163', 'l_h_0-R_h_161', 'l_h_1-R_h_170']","['l_a_3-R_d_469', 'l_h_1-R_h_587', 'l_a_3-R_h_160', 'l_a_2-R_d_470', 'l_a_1-R_h_589', 'l_h_0-R_h_161', 'l_a_0-R_d_395', 'l_a_1-R_h_588', 'l_d_0-R_d_395', 'l_h_1-R_h_159']","['l_d_0-R_h_163', 'l_d_0-R_d_470', 'l_d_1-R_h_161', 'l_d_1-R_d_469', 'l_a_0-R_h_163', 'l_a_0-R_d_470', 'l_a_1-R_h_588', 'l_a_1-R_h_589', 'l_a_2-R_h_170', 'l_a_2-R_h_591', 'l_a_3-R_h_168', 'l_p_0-R_h_161', 'l_p_0-R_d_469', 'l_h_0-R_h_160']"
3.3341000000000003,3.3765,3.9946,225,17806,3,4,15,"[23, 19, 25, 18, 14, 12, 16, 10, 12, 17, 15, 17, 14, 18, 17, 16, 17, 13, 6, 7, 7, 6, 7, 7, 10, 10, 9, 11, 11, 10, 10, 10, 10, 12, 15, 12, 18, 15, 14]","[14, 14, 14, 12, 11, 11, 11, 10, 10, 12, 12, 12, 12, 12, 12, 13, 12, 10, 6, 6, 6, 6, 6, 6, 8, 8, 8, 10, 10, 9, 8, 8, 8, 11, 11, 11, 13, 12, 11]","['l_a_2-R_h_160', 'l_a_1-R_h_588', 'l_a_1-R_h_589', 'l_d_0-R_d_395', 'l_a_0-R_d_395', 'l_a_2-R_d_469', 'l_a_3-R_h_168', 'l_a_3-R_h_591', 'l_d_1-R_h_163', 'l_p_0-R_h_163', 'l_h_0-R_h_161', 'l_h_1-R_h_170']","['l_a_3-R_d_469', 'l_h_1-R_h_587', 'l_a_3-R_h_160', 'l_a_2-R_d_470', 'l_a_1-R_h_589', 'l_h_0-R_h_161', 'l_a_0-R_d_395', 'l_a_1-R_h_588', 'l_d_0-R_d_395', 'l_h_1-R_h_159']","['l_d_0-R_h_163', 'l_d_0-R_d_470', 'l_d_1-R_h_161', 'l_d_1-R_d_469', 'l_a_0-R_h_163', 'l_a_0-R_d_470', 'l_a_1-R_h_588', 'l_a_1-R_h_589', 'l_a_2-R_h_170', 'l_a_2-R_h_591', 'l_a_3-R_h_168', 'l_p_0-R_h_161', 'l_p_0-R_d_469', 'l_h_0-R_h_160']"
3.3341000000000003,3.3765,3.9946,225,17806,3,5,10,"[23, 19, 25, 10, 10, 9, 14, 18, 17, 10, 11, 11]","[14, 14, 14, 8, 8, 8, 12, 12, 12, 9, 8, 8]","['l_a_2-R_h_160', 'l_a_1-R_h_588', 'l_a_1-R_h_589', 'l_d_0-R_d_395', 'l_a_0-R_d_395', 'l_a_2-R_d_469', 'l_a_3-R_h_168', 'l_a_3-R_h_591', 'l_d_1-R_h_163', 'l_p_0-R_h_163', 'l_h_0-R_h_161', 'l_h_1-R_h_170']","['l_a_3-R_d_469', 'l_h_1-R_h_587', 'l_a_3-R_h_160', 'l_a_2-R_d_470', 'l_a_1-R_h_589', 'l_h_0-R_h_161', 'l_a_0-R_d_395', 'l_a_1-R_h_588', 'l_d_0-R_d_395', 'l_h_1-R_h_159']","['l_d_0-R_h_163', 'l_d_0-R_d_470', 'l_d_1-R_h_161', 'l_d_1-R_d_469', 'l_a_0-R_h_163', 'l_a_0-R_d_470', 'l_a_1-R_h_588', 'l_a_1-R_h_589', 'l_a_2-R_h_170', 'l_a_2-R_h_591', 'l_a_3-R_h_168', 'l_p_0-R_h_161', 'l_p_0-R_d_469', 'l_h_0-R_h_160']"
3.3341000000000003,3.3765,3.9946,225,17806,3,5,15,"[23, 19, 25, 18, 14, 12, 16, 10, 12, 17, 15, 17, 14, 18, 17, 13, 13, 13, 16, 17, 13, 6, 7, 7, 6, 7, 7, 10, 11, 11, 10, 10, 9, 11, 11, 10, 10, 10, 10, 12, 15, 12, 18, 15, 14, 17, 14, 15]","[14, 14, 14, 12, 11, 11, 11, 10, 10, 12, 12, 12, 12, 12, 12, 11, 10, 10, 13, 12, 10, 6, 6, 6, 6, 6, 6, 9, 8, 8, 8, 8, 8, 10, 10, 9, 8, 8, 8, 11, 11, 11, 13, 12, 11, 12, 11, 10]","['l_a_2-R_h_160', 'l_a_1-R_h_588', 'l_a_1-R_h_589', 'l_d_0-R_d_395', 'l_a_0-R_d_395', 'l_a_2-R_d_469', 'l_a_3-R_h_168', 'l_a_3-R_h_591', 'l_d_1-R_h_163', 'l_p_0-R_h_163', 'l_h_0-R_h_161', 'l_h_1-R_h_170']","['l_a_3-R_d_469', 'l_h_1-R_h_587', 'l_a_3-R_h_160', 'l_a_2-R_d_470', 'l_a_1-R_h_589', 'l_h_0-R_h_161', 'l_a_0-R_d_395', 'l_a_1-R_h_588', 'l_d_0-R_d_395', 'l_h_1-R_h_159']","['l_d_0-R_h_163', 'l_d_0-R_d_470', 'l_d_1-R_h_161', 'l_d_1-R_d_469', 'l_a_0-R_h_163', 'l_a_0-R_d_470', 'l_a_1-R_h_588', 'l_a_1-R_h_589', 'l_a_2-R_h_170', 'l_a_2-R_h_591', 'l_a_3-R_h_168', 'l_p_0-R_h_161', 'l_p_0-R_d_469', 'l_h_0-R_h_160']"
3.5298,3.3765,3.9946,225,17806,4,1,10,"[23, 19, 25, 18, 18, 14, 12, 13, 16, 17, 13, 10, 11, 11, 10, 10, 10, 11, 8, 8]","[14, 14, 14, 13, 12, 11, 11, 11, 13, 12, 10, 9, 10, 10, 9, 9, 8, 7, 7, 7]","['l_d_1-R_h_589', 'l_h_1-R_h_587', 'l_a_2-R_h_168', 'l_a_0-R_h_163', 'l_a_1-R_h_588', 'l_a_3-R_d_469', 'l_a_3-R_h_160', 'l_d_0-R_h_163', 'l_d_0-R_d_470', 'l_a_0-R_d_470', 'l_a_2-R_h_591', 'l_p_0-R_h_589', 'l_h_0-R_h_161', 'l_h_1-R_h_159']","['l_a_3-R_d_469', 'l_h_1-R_h_587', 'l_a_3-R_h_160', 'l_a_2-R_d_470', 'l_a_1-R_h_589', 'l_h_0-R_h_161', 'l_a_0-R_d_395', 'l_a_1-R_h_588', 'l_d_0-R_d_395', 'l_h_1-R_h_159']","['l_d_0-R_h_163', 'l_d_0-R_d_470', 'l_d_1-R_h_161', 'l_d_1-R_d_469', 'l_a_0-R_h_163', 'l_a_0-R_d_470', 'l_a_1-R_h_588', 'l_a_1-R_h_589', 'l_a_2-R_h_170', 'l_a_2-R_h_591', 'l_a_3-R_h_168', 'l_p_0-R_h_161', 'l_p_0-R_d_469', 'l_h_0-R_h_160']"
2.9869000000000003,3.3765,3.9946,225,17806,4,1,15,"[23, 19, 25, 18, 18, 14, 12, 13, 16, 17, 13, 10, 11, 11, 10, 10, 10, 11, 8, 8]","[14, 14, 14, 13, 12, 11, 11, 11, 13, 12, 10, 9, 10, 10, 9, 9, 8, 7, 7, 7]","['l_d_1-R_h_589', 'l_h_1-R_h_587', 'l_a_2-R_h_168', 'l_a_0-R_h_163', 'l_d_1-R_h_588', 'l_a_3-R_d_469', 'l_a_3-R_h_160', 'l_a_1-R_d_470', 'l_h_0-R_h_161', 'l_d_0-R_h_163', 'l_a_2-R_h_591', 'l_p_0-R_h_588', 'l_p_0-R_h_589', 'l_h_1-R_h_159']","['l_a_3-R_d_469', 'l_h_1-R_h_587', 'l_a_3-R_h_160', 'l_a_2-R_d_470', 'l_a_1-R_h_589', 'l_h_0-R_h_161', 'l_a_0-R_d_395', 'l_a_1-R_h_588', 'l_d_0-R_d_395', 'l_h_1-R_h_159']","['l_d_0-R_h_163', 'l_d_0-R_d_470', 'l_d_1-R_h_161', 'l_d_1-R_d_469', 'l_a_0-R_h_163', 'l_a_0-R_d_470', 'l_a_1-R_h_588', 'l_a_1-R_h_589', 'l_a_2-R_h_170', 'l_a_2-R_h_591', 'l_a_3-R_h_168', 'l_p_0-R_h_161', 'l_p_0-R_d_469', 'l_h_0-R_h_160']"
3.1109,3.3765,3.9946,225,17806,4,2,10,"[23, 19, 25, 18, 18, 14, 12, 13, 16, 10, 12, 12, 16, 17, 13, 10, 6, 7, 7, 8, 11, 11, 10, 10, 10, 10, 10, 10, 10, 11, 8, 8, 12, 11, 11, 10]","[14, 14, 14, 13, 12, 11, 11, 11, 11, 10, 10, 10, 13, 12, 10, 9, 6, 6, 6, 6, 10, 10, 9, 9, 8, 8, 8, 8, 8, 7, 7, 7, 10, 9, 9, 9]","['l_h_1-R_d_470', 'l_a_3-R_h_163', 'l_h_0-R_h_591', 'l_a_1-R_h_161', 'l_d_1-R_h_588', 'l_d_0-R_d_469', 'l_a_2-R_d_395', 'l_a_0-R_h_160', 'l_d_0-R_h_160', 'l_a_0-R_d_469', 'l_p_0-R_h_588']","['l_a_3-R_d_469', 'l_h_1-R_h_587', 'l_a_3-R_h_160', 'l_a_2-R_d_470', 'l_a_1-R_h_589', 'l_h_0-R_h_161', 'l_a_0-R_d_395', 'l_a_1-R_h_588', 'l_d_0-R_d_395', 'l_h_1-R_h_159']","['l_d_0-R_h_163', 'l_d_0-R_d_470', 'l_d_1-R_h_161', 'l_d_1-R_d_469', 'l_a_0-R_h_163', 'l_a_0-R_d_470', 'l_a_1-R_h_588', 'l_a_1-R_h_589', 'l_a_2-R_h_170', 'l_a_2-R_h_591', 'l_a_3-R_h_168', 'l_p_0-R_h_161', 'l_p_0-R_d_469', 'l_h_0-R_h_160']"
3.3578,3.3765,3.9946,225,17806,4,2,15,"[23, 19, 25, 18, 18, 14, 12, 13, 16, 10, 12, 12, 16, 17, 13, 10, 6, 7, 7, 8, 11, 11, 10, 10, 10, 10, 10, 10, 10, 11, 8, 8, 9, 8, 9, 8]","[14, 14, 14, 13, 12, 11, 11, 11, 11, 10, 10, 10, 13, 12, 10, 9, 6, 6, 6, 6, 10, 10, 9, 9, 8, 8, 8, 8, 8, 7, 7, 7, 7, 7, 7, 7]","['l_h_1-R_h_587', 'l_h_1-R_h_159', 'l_a_1-R_h_588', 'l_a_1-R_h_589', 'l_a_2-R_h_591', 'l_a_2-R_h_168', 'l_d_0-R_h_163', 'l_d_1-R_d_395', 'l_p_0-R_d_395', 'l_a_0-R_h_163', 'l_a_3-R_d_469', 'l_a_3-R_h_160', 'l_h_0-R_h_161']","['l_a_3-R_d_469', 'l_h_1-R_h_587', 'l_a_3-R_h_160', 'l_a_2-R_d_470', 'l_a_1-R_h_589', 'l_h_0-R_h_161', 'l_a_0-R_d_395', 'l_a_1-R_h_588', 'l_d_0-R_d_395', 'l_h_1-R_h_159']","['l_d_0-R_h_163', 'l_d_0-R_d_470', 'l_d_1-R_h_161', 'l_d_1-R_d_469', 'l_a_0-R_h_163', 'l_a_0-R_d_470', 'l_a_1-R_h_588', 'l_a_1-R_h_589', 'l_a_2-R_h_170', 'l_a_2-R_h_591', 'l_a_3-R_h_168', 'l_p_0-R_h_161', 'l_p_0-R_d_469', 'l_h_0-R_h_160']"
3.1109,3.3765,3.9946,225,17806,4,3,10,"[23, 19, 25, 18, 11, 11, 10, 10, 10, 10, 10, 10, 10, 11, 8, 8, 6, 7, 7, 8]","[14, 14, 14, 13, 10, 10, 9, 9, 8, 8, 8, 8, 8, 7, 7, 7, 6, 6, 6, 6]","['l_h_1-R_d_470', 'l_a_3-R_h_163', 'l_h_0-R_h_591', 'l_a_1-R_h_161', 'l_d_1-R_h_588', 'l_d_0-R_d_469', 'l_a_2-R_d_395', 'l_a_0-R_h_160', 'l_d_0-R_h_160', 'l_a_0-R_d_469', 'l_p_0-R_h_588']","['l_a_3-R_d_469', 'l_h_1-R_h_587', 'l_a_3-R_h_160', 'l_a_2-R_d_470', 'l_a_1-R_h_589', 'l_h_0-R_h_161', 'l_a_0-R_d_395', 'l_a_1-R_h_588', 'l_d_0-R_d_395', 'l_h_1-R_h_159']","['l_d_0-R_h_163', 'l_d_0-R_d_470', 'l_d_1-R_h_161', 'l_d_1-R_d_469', 'l_a_0-R_h_163', 'l_a_0-R_d_470', 'l_a_1-R_h_588', 'l_a_1-R_h_589', 'l_a_2-R_h_170', 'l_a_2-R_h_591', 'l_a_3-R_h_168', 'l_p_0-R_h_161', 'l_p_0-R_d_469', 'l_h_0-R_h_160']"
3.3578,3.3765,3.9946,225,17806,4,3,15,"[23, 19, 25, 18, 18, 14, 12, 13, 16, 10, 12, 12, 17, 15, 17, 15, 16, 17, 13, 10, 6, 7, 7, 8, 6, 7, 7, 8, 11, 11, 10, 10, 10, 10, 10, 10, 12, 15, 12, 15, 10, 11, 8, 8, 9, 8, 9, 8, 12, 11, 11, 10]","[14, 14, 14, 13, 12, 11, 11, 11, 11, 10, 10, 10, 12, 12, 12, 12, 13, 12, 10, 9, 6, 6, 6, 6, 6, 6, 6, 6, 10, 10, 9, 9, 8, 8, 8, 8, 11, 11, 11, 11, 8, 7, 7, 7, 7, 7, 7, 7, 10, 9, 9, 9]","['l_h_1-R_h_587', 'l_h_1-R_h_159', 'l_a_1-R_h_588', 'l_a_1-R_h_589', 'l_a_2-R_h_591', 'l_a_2-R_h_168', 'l_d_0-R_h_163', 'l_d_1-R_d_395', 'l_p_0-R_d_395', 'l_a_0-R_h_163', 'l_a_3-R_d_469', 'l_a_3-R_h_160', 'l_h_0-R_h_161']","['l_a_3-R_d_469', 'l_h_1-R_h_587', 'l_a_3-R_h_160', 'l_a_2-R_d_470', 'l_a_1-R_h_589', 'l_h_0-R_h_161', 'l_a_0-R_d_395', 'l_a_1-R_h_588', 'l_d_0-R_d_395', 'l_h_1-R_h_159']","['l_d_0-R_h_163', 'l_d_0-R_d_470', 'l_d_1-R_h_161', 'l_d_1-R_d_469', 'l_a_0-R_h_163', 'l_a_0-R_d_470', 'l_a_1-R_h_588', 'l_a_1-R_h_589', 'l_a_2-R_h_170', 'l_a_2-R_h_591', 'l_a_3-R_h_168', 'l_p_0-R_h_161', 'l_p_0-R_d_469', 'l_h_0-R_h_160']"
3.3786000000000005,3.3765,3.9946,225,17806,4,4,10,"[23, 19, 25, 18, 10, 10, 9, 9, 14, 18, 17, 14, 11, 11, 10, 10, 10, 10, 10, 10]","[14, 14, 14, 13, 8, 8, 8, 8, 12, 12, 12, 12, 10, 10, 9, 9, 8, 8, 8, 8]","['l_a_2-R_h_160', 'l_a_1-R_h_588', 'l_a_1-R_h_589', 'l_d_0-R_d_395', 'l_a_0-R_d_395', 'l_a_2-R_d_469', 'l_a_3-R_h_587', 'l_d_1-R_h_163', 'l_h_0-R_d_470', 'l_a_3-R_h_159', 'l_p_0-R_h_163']","['l_a_3-R_d_469', 'l_h_1-R_h_587', 'l_a_3-R_h_160', 'l_a_2-R_d_470', 'l_a_1-R_h_589', 'l_h_0-R_h_161', 'l_a_0-R_d_395', 'l_a_1-R_h_588', 'l_d_0-R_d_395', 'l_h_1-R_h_159']","['l_d_0-R_h_163', 'l_d_0-R_d_470', 'l_d_1-R_h_161', 'l_d_1-R_d_469', 'l_a_0-R_h_163', 'l_a_0-R_d_470', 'l_a_1-R_h_588', 'l_a_1-R_h_589', 'l_a_2-R_h_170', 'l_a_2-R_h_591', 'l_a_3-R_h_168', 'l_p_0-R_h_161', 'l_p_0-R_d_469', 'l_h_0-R_h_160']"
3.3786000000000005,3.3765,3.9946,225,17806,4,4,15,"[23, 19, 25, 18, 10, 10, 9, 9, 14, 18, 17, 14, 11, 11, 10, 10, 10, 10, 10, 10]","[14, 14, 14, 13, 8, 8, 8, 8, 12, 12, 12, 12, 10, 10, 9, 9, 8, 8, 8, 8]","['l_a_2-R_h_160', 'l_a_1-R_h_588', 'l_a_1-R_h_589', 'l_d_0-R_d_395', 'l_a_0-R_d_395', 'l_a_2-R_d_469', 'l_a_3-R_h_587', 'l_d_1-R_h_163', 'l_h_0-R_d_470', 'l_a_3-R_h_159', 'l_p_0-R_h_163']","['l_a_3-R_d_469', 'l_h_1-R_h_587', 'l_a_3-R_h_160', 'l_a_2-R_d_470', 'l_a_1-R_h_589', 'l_h_0-R_h_161', 'l_a_0-R_d_395', 'l_a_1-R_h_588', 'l_d_0-R_d_395', 'l_h_1-R_h_159']","['l_d_0-R_h_163', 'l_d_0-R_d_470', 'l_d_1-R_h_161', 'l_d_1-R_d_469', 'l_a_0-R_h_163', 'l_a_0-R_d_470', 'l_a_1-R_h_588', 'l_a_1-R_h_589', 'l_a_2-R_h_170', 'l_a_2-R_h_591', 'l_a_3-R_h_168', 'l_p_0-R_h_161', 'l_p_0-R_d_469', 'l_h_0-R_h_160']"
3.3786000000000005,3.3765,3.9946,225,17806,4,5,10,"[23, 19, 25, 18, 8, 9, 8, 8, 10, 10, 9, 9, 14, 18, 17, 14, 10, 11, 11, 11]","[14, 14, 14, 13, 7, 7, 7, 7, 8, 8, 8, 8, 12, 12, 12, 12, 9, 8, 8, 8]","['l_a_2-R_h_160', 'l_a_1-R_h_588', 'l_a_1-R_h_589', 'l_d_0-R_d_395', 'l_a_0-R_d_395', 'l_a_2-R_d_469', 'l_a_3-R_h_587', 'l_d_1-R_h_163', 'l_h_0-R_d_470', 'l_a_3-R_h_159', 'l_p_0-R_h_163']","['l_a_3-R_d_469', 'l_h_1-R_h_587', 'l_a_3-R_h_160', 'l_a_2-R_d_470', 'l_a_1-R_h_589', 'l_h_0-R_h_161', 'l_a_0-R_d_395', 'l_a_1-R_h_588', 'l_d_0-R_d_395', 'l_h_1-R_h_159']","['l_d_0-R_h_163', 'l_d_0-R_d_470', 'l_d_1-R_h_161', 'l_d_1-R_d_469', 'l_a_0-R_h_163', 'l_a_0-R_d_470', 'l_a_1-R_h_588', 'l_a_1-R_h_589', 'l_a_2-R_h_170', 'l_a_2-R_h_591', 'l_a_3-R_h_168', 'l_p_0-R_h_161', 'l_p_0-R_d_469', 'l_h_0-R_h_160']"
3.3786000000000005,3.3765,3.9946,225,17806,4,5,15,"[23, 19, 25, 18, 8, 9, 8, 8, 10, 10, 9, 9, 14, 18, 17, 14, 10, 11, 11, 11]","[14, 14, 14, 13, 7, 7, 7, 7, 8, 8, 8, 8, 12, 12, 12, 12, 9, 8, 8, 8]","['l_a_2-R_h_160', 'l_a_1-R_h_588', 'l_a_1-R_h_589', 'l_d_0-R_d_395', 'l_a_0-R_d_395', 'l_a_2-R_d_469', 'l_a_3-R_h_587', 'l_d_1-R_h_163', 'l_h_0-R_d_470', 'l_a_3-R_h_159', 'l_p_0-R_h_163']","['l_a_3-R_d_469', 'l_h_1-R_h_587', 'l_a_3-R_h_160', 'l_a_2-R_d_470', 'l_a_1-R_h_589', 'l_h_0-R_h_161', 'l_a_0-R_d_395', 'l_a_1-R_h_588', 'l_d_0-R_d_395', 'l_h_1-R_h_159']","['l_d_0-R_h_163', 'l_d_0-R_d_470', 'l_d_1-R_h_161', 'l_d_1-R_d_469', 'l_a_0-R_h_163', 'l_a_0-R_d_470', 'l_a_1-R_h_588', 'l_a_1-R_h_589', 'l_a_2-R_h_170', 'l_a_2-R_h_591', 'l_a_3-R_h_168', 'l_p_0-R_h_161', 'l_p_0-R_d_469', 'l_h_0-R_h_160']"
2.5700000000000003,3.3765,3.9946,225,17806,5,1,10,"[23, 19, 25, 18, 21, 18, 14, 12, 13, 14, 16, 17, 13, 10, 10, 11, 11, 10, 10, 10, 10, 11, 8, 8, 9, 6, 6, 6]","[14, 14, 14, 13, 13, 12, 11, 11, 11, 11, 13, 12, 10, 9, 9, 10, 10, 9, 9, 9, 8, 7, 7, 7, 7, 6, 6, 6]","['l_h_1-R_h_161', 'l_a_2-R_h_163', 'l_a_1-R_d_395', 'l_a_3-R_h_160', 'l_a_2-R_d_470', 'l_a_3-R_d_469', 'l_h_1-R_h_588']","['l_a_3-R_d_469', 'l_h_1-R_h_587', 'l_a_3-R_h_160', 'l_a_2-R_d_470', 'l_a_1-R_h_589', 'l_h_0-R_h_161', 'l_a_0-R_d_395', 'l_a_1-R_h_588', 'l_d_0-R_d_395', 'l_h_1-R_h_159']","['l_d_0-R_h_163', 'l_d_0-R_d_470', 'l_d_1-R_h_161', 'l_d_1-R_d_469', 'l_a_0-R_h_163', 'l_a_0-R_d_470', 'l_a_1-R_h_588', 'l_a_1-R_h_589', 'l_a_2-R_h_170', 'l_a_2-R_h_591', 'l_a_3-R_h_168', 'l_p_0-R_h_161', 'l_p_0-R_d_469', 'l_h_0-R_h_160']"
2.5700000000000003,3.3765,3.9946,225,17806,5,1,15,"[23, 19, 25, 18, 21, 18, 14, 12, 13, 14, 16, 17, 13, 10, 10, 11, 11, 10, 10, 10, 10, 11, 8, 8, 9, 6, 6, 6]","[14, 14, 14, 13, 13, 12, 11, 11, 11, 11, 13, 12, 10, 9, 9, 10, 10, 9, 9, 9, 8, 7, 7, 7, 7, 6, 6, 6]","['l_h_1-R_h_161', 'l_a_2-R_h_163', 'l_a_1-R_d_395', 'l_a_3-R_h_160', 'l_a_2-R_d_470', 'l_a_3-R_d_469', 'l_h_1-R_h_588']","['l_a_3-R_d_469', 'l_h_1-R_h_587', 'l_a_3-R_h_160', 'l_a_2-R_d_470', 'l_a_1-R_h_589', 'l_h_0-R_h_161', 'l_a_0-R_d_395', 'l_a_1-R_h_588', 'l_d_0-R_d_395', 'l_h_1-R_h_159']","['l_d_0-R_h_163', 'l_d_0-R_d_470', 'l_d_1-R_h_161', 'l_d_1-R_d_469', 'l_a_0-R_h_163', 'l_a_0-R_d_470', 'l_a_1-R_h_588', 'l_a_1-R_h_589', 'l_a_2-R_h_170', 'l_a_2-R_h_591', 'l_a_3-R_h_168', 'l_p_0-R_h_161', 'l_p_0-R_d_469', 'l_h_0-R_h_160']"
3.3578,3.3765,3.9946,225,17806,5,2,10,"[23, 19, 25, 18, 21, 18, 14, 12, 13, 14, 16, 10, 12, 12, 10, 16, 17, 13, 10, 10, 6, 7, 7, 8, 11, 11, 10, 10, 10, 10, 10, 10, 10, 11, 10, 11, 8, 8, 9, 12, 11, 11, 10, 11, 6, 6, 6]","[14, 14, 14, 13, 13, 12, 11, 11, 11, 11, 11, 10, 10, 10, 9, 13, 12, 10, 9, 9, 6, 6, 6, 6, 10, 10, 9, 9, 9, 8, 8, 8, 8, 8, 8, 7, 7, 7, 7, 10, 9, 9, 9, 9, 6, 6, 6]","['l_h_1-R_h_587', 'l_h_1-R_h_159', 'l_a_1-R_h_588', 'l_a_1-R_h_589', 'l_a_2-R_h_591', 'l_a_2-R_h_168', 'l_d_0-R_h_163', 'l_d_1-R_d_395', 'l_p_0-R_d_395', 'l_a_0-R_h_163', 'l_a_3-R_d_469', 'l_a_3-R_h_160', 'l_h_0-R_h_161']","['l_a_3-R_d_469', 'l_h_1-R_h_587', 'l_a_3-R_h_160', 'l_a_2-R_d_470', 'l_a_1-R_h_589', 'l_h_0-R_h_161', 'l_a_0-R_d_395', 'l_a_1-R_h_588', 'l_d_0-R_d_395', 'l_h_1-R_h_159']","['l_d_0-R_h_163', 'l_d_0-R_d_470', 'l_d_1-R_h_161', 'l_d_1-R_d_469', 'l_a_0-R_h_163', 'l_a_0-R_d_470', 'l_a_1-R_h_588', 'l_a_1-R_h_589', 'l_a_2-R_h_170', 'l_a_2-R_h_591', 'l_a_3-R_h_168', 'l_p_0-R_h_161', 'l_p_0-R_d_469', 'l_h_0-R_h_160']"
3.3578,3.3765,3.9946,225,17806,5,2,15,"[23, 19, 25, 18, 21, 18, 14, 12, 13, 14, 16, 10, 12, 12, 10, 16, 17, 13, 10, 10, 6, 7, 7, 8, 11, 11, 10, 10, 10, 10, 10, 10, 10, 11, 10, 11, 8, 8, 9, 9, 8, 9, 8, 6, 6, 6]","[14, 14, 14, 13, 13, 12, 11, 11, 11, 11, 11, 10, 10, 10, 9, 13, 12, 10, 9, 9, 6, 6, 6, 6, 10, 10, 9, 9, 9, 8, 8, 8, 8, 8, 8, 7, 7, 7, 7, 7, 7, 7, 7, 6, 6, 6]","['l_h_1-R_h_587', 'l_h_1-R_h_159', 'l_a_1-R_h_588', 'l_a_1-R_h_589', 'l_a_2-R_h_591', 'l_a_2-R_h_168', 'l_d_0-R_h_163', 'l_d_1-R_d_395', 'l_p_0-R_d_395', 'l_a_0-R_h_163', 'l_a_3-R_d_469', 'l_a_3-R_h_160', 'l_h_0-R_h_161']","['l_a_3-R_d_469', 'l_h_1-R_h_587', 'l_a_3-R_h_160', 'l_a_2-R_d_470', 'l_a_1-R_h_589', 'l_h_0-R_h_161', 'l_a_0-R_d_395', 'l_a_1-R_h_588', 'l_d_0-R_d_395', 'l_h_1-R_h_159']","['l_d_0-R_h_163', 'l_d_0-R_d_470', 'l_d_1-R_h_161', 'l_d_1-R_d_469', 'l_a_0-R_h_163', 'l_a_0-R_d_470', 'l_a_1-R_h_588', 'l_a_1-R_h_589', 'l_a_2-R_h_170', 'l_a_2-R_h_591', 'l_a_3-R_h_168', 'l_p_0-R_h_161', 'l_p_0-R_d_469', 'l_h_0-R_h_160']"
2.5700000000000003,3.3765,3.9946,225,17806,5,3,10,"[23, 19, 25, 18, 21, 6, 6, 6, 8, 8, 11, 11, 10, 10, 10, 10, 10, 10, 10, 11]","[14, 14, 14, 13, 13, 6, 6, 6, 7, 7, 10, 10, 9, 9, 9, 8, 8, 8, 8, 8]","['l_h_1-R_h_588', 'l_h_1-R_h_161', 'l_a_2-R_h_163', 'l_a_1-R_d_395', 'l_a_3-R_h_160', 'l_a_2-R_d_470', 'l_a_3-R_d_469']","['l_a_3-R_d_469', 'l_h_1-R_h_587', 'l_a_3-R_h_160', 'l_a_2-R_d_470', 'l_a_1-R_h_589', 'l_h_0-R_h_161', 'l_a_0-R_d_395', 'l_a_1-R_h_588', 'l_d_0-R_d_395', 'l_h_1-R_h_159']","['l_d_0-R_h_163', 'l_d_0-R_d_470', 'l_d_1-R_h_161', 'l_d_1-R_d_469', 'l_a_0-R_h_163', 'l_a_0-R_d_470', 'l_a_1-R_h_588', 'l_a_1-R_h_589', 'l_a_2-R_h_170', 'l_a_2-R_h_591', 'l_a_3-R_h_168', 'l_p_0-R_h_161', 'l_p_0-R_d_469', 'l_h_0-R_h_160']"
2.5700000000000003,3.3765,3.9946,225,17806,5,3,15,"[23, 19, 25, 18, 21, 18, 14, 12, 13, 14, 16, 10, 12, 12, 10, 17, 15, 17, 15, 15, 16, 17, 13, 10, 10, 6, 7, 7, 8, 6, 7, 7, 8, 11, 11, 10, 10, 10, 10, 10, 10, 10, 11, 12, 15, 12, 15, 12, 10, 11, 8, 8, 9, 14, 14, 14, 14, 14, 9, 8, 9, 8, 6, 6, 6, 8, 8]","[14, 14, 14, 13, 13, 12, 11, 11, 11, 11, 11, 10, 10, 10, 9, 12, 12, 12, 12, 12, 13, 12, 10, 9, 9, 6, 6, 6, 6, 6, 6, 6, 6, 10, 10, 9, 9, 9, 8, 8, 8, 8, 8, 11, 11, 11, 11, 10, 8, 7, 7, 7, 7, 10, 10, 10, 10, 10, 7, 7, 7, 7, 6, 6, 6, 7, 7]","['l_h_1-R_h_588', 'l_h_1-R_h_161', 'l_a_2-R_h_163', 'l_a_1-R_d_395', 'l_a_3-R_h_160', 'l_a_2-R_d_470', 'l_a_3-R_d_469']","['l_a_3-R_d_469', 'l_h_1-R_h_587', 'l_a_3-R_h_160', 'l_a_2-R_d_470', 'l_a_1-R_h_589', 'l_h_0-R_h_161', 'l_a_0-R_d_395', 'l_a_1-R_h_588', 'l_d_0-R_d_395', 'l_h_1-R_h_159']","['l_d_0-R_h_163', 'l_d_0-R_d_470', 'l_d_1-R_h_161', 'l_d_1-R_d_469', 'l_a_0-R_h_163', 'l_a_0-R_d_470', 'l_a_1-R_h_588', 'l_a_1-R_h_589', 'l_a_2-R_h_170', 'l_a_2-R_h_591', 'l_a_3-R_h_168', 'l_p_0-R_h_161', 'l_p_0-R_d_469', 'l_h_0-R_h_160']"
2.5700000000000003,3.3765,3.9946,225,17806,5,4,10,"[23, 19, 25, 18, 21, 6, 6, 6, 8, 8, 10, 10, 9, 9, 10]","[14, 14, 14, 13, 13, 6, 6, 6, 7, 7, 8, 8, 8, 8, 7]","['l_h_1-R_h_588', 'l_h_1-R_h_161', 'l_a_2-R_h_163', 'l_a_1-R_d_395', 'l_a_3-R_h_160', 'l_a_2-R_d_470', 'l_a_3-R_d_469']","['l_a_3-R_d_469', 'l_h_1-R_h_587', 'l_a_3-R_h_160', 'l_a_2-R_d_470', 'l_a_1-R_h_589', 'l_h_0-R_h_161', 'l_a_0-R_d_395', 'l_a_1-R_h_588', 'l_d_0-R_d_395', 'l_h_1-R_h_159']","['l_d_0-R_h_163', 'l_d_0-R_d_470', 'l_d_1-R_h_161', 'l_d_1-R_d_469', 'l_a_0-R_h_163', 'l_a_0-R_d_470', 'l_a_1-R_h_588', 'l_a_1-R_h_589', 'l_a_2-R_h_170', 'l_a_2-R_h_591', 'l_a_3-R_h_168', 'l_p_0-R_h_161', 'l_p_0-R_d_469', 'l_h_0-R_h_160']"
2.5700000000000003,3.3765,3.9946,225,17806,5,4,15,"[23, 19, 25, 18, 21, 6, 6, 6, 8, 8, 10, 10, 9, 9, 10, 15, 15, 13, 15, 12]","[14, 14, 14, 13, 13, 6, 6, 6, 7, 7, 8, 8, 8, 8, 7, 11, 11, 11, 11, 10]","['l_h_1-R_h_588', 'l_h_1-R_h_161', 'l_a_2-R_h_163', 'l_a_1-R_d_395', 'l_a_3-R_h_160', 'l_a_2-R_d_470', 'l_a_3-R_d_469']","['l_a_3-R_d_469', 'l_h_1-R_h_587', 'l_a_3-R_h_160', 'l_a_2-R_d_470', 'l_a_1-R_h_589', 'l_h_0-R_h_161', 'l_a_0-R_d_395', 'l_a_1-R_h_588', 'l_d_0-R_d_395', 'l_h_1-R_h_159']","['l_d_0-R_h_163', 'l_d_0-R_d_470', 'l_d_1-R_h_161', 'l_d_1-R_d_469', 'l_a_0-R_h_163', 'l_a_0-R_d_470', 'l_a_1-R_h_588', 'l_a_1-R_h_589', 'l_a_2-R_h_170', 'l_a_2-R_h_591', 'l_a_3-R_h_168', 'l_p_0-R_h_161', 'l_p_0-R_d_469', 'l_h_0-R_h_160']"
2.5700000000000003,3.3765,3.9946,225,17806,5,5,10,"[23, 19, 25, 18, 21, 8, 9, 8, 8, 8, 6, 6, 6, 8, 8, 10, 10, 9, 9, 10]","[14, 14, 14, 13, 13, 7, 7, 7, 7, 7, 6, 6, 6, 7, 7, 8, 8, 8, 8, 7]","['l_h_1-R_h_588', 'l_h_1-R_h_161', 'l_a_2-R_h_163', 'l_a_1-R_d_395', 'l_a_3-R_h_160', 'l_a_2-R_d_470', 'l_a_3-R_d_469']","['l_a_3-R_d_469', 'l_h_1-R_h_587', 'l_a_3-R_h_160', 'l_a_2-R_d_470', 'l_a_1-R_h_589', 'l_h_0-R_h_161', 'l_a_0-R_d_395', 'l_a_1-R_h_588', 'l_d_0-R_d_395', 'l_h_1-R_h_159']","['l_d_0-R_h_163', 'l_d_0-R_d_470', 'l_d_1-R_h_161', 'l_d_1-R_d_469', 'l_a_0-R_h_163', 'l_a_0-R_d_470', 'l_a_1-R_h_588', 'l_a_1-R_h_589', 'l_a_2-R_h_170', 'l_a_2-R_h_591', 'l_a_3-R_h_168', 'l_p_0-R_h_161', 'l_p_0-R_d_469', 'l_h_0-R_h_160']"
2.6204,3.3765,3.9946,225,17806,5,5,15,"[23, 19, 25, 18, 21, 8, 9, 8, 8, 8, 6, 6, 6, 8, 8, 10, 10, 9, 9, 10]","[14, 14, 14, 13, 13, 7, 7, 7, 7, 7, 6, 6, 6, 7, 7, 8, 8, 8, 8, 7]","['l_h_1-R_h_588', 'l_h_1-R_h_161', 'l_a_1-R_d_395', 'l_a_3-R_h_160', 'l_a_2-R_h_159', 'l_a_2-R_d_470', 'l_a_3-R_d_469', 'l_h_0-R_h_163']","['l_a_3-R_d_469', 'l_h_1-R_h_587', 'l_a_3-R_h_160', 'l_a_2-R_d_470', 'l_a_1-R_h_589', 'l_h_0-R_h_161', 'l_a_0-R_d_395', 'l_a_1-R_h_588', 'l_d_0-R_d_395', 'l_h_1-R_h_159']","['l_d_0-R_h_163', 'l_d_0-R_d_470', 'l_d_1-R_h_161', 'l_d_1-R_d_469', 'l_a_0-R_h_163', 'l_a_0-R_d_470', 'l_a_1-R_h_588', 'l_a_1-R_h_589', 'l_a_2-R_h_170', 'l_a_2-R_h_591', 'l_a_3-R_h_168', 'l_p_0-R_h_161', 'l_p_0-R_d_469', 'l_h_0-R_h_160']"
